moyr,site_num,latitude,longitude,tmpf
2014-01,ARR,41.77,-88.48,14.44518668012109
2014-01,BUU,42.6907,-88.3046,10.81613339342046
2014-01,C09,41.4253,-88.4186,16.27781365313653
2014-01,DPA,41.9078,-88.2486,16.61821025195482
2014-01,ENW,42.595,-87.9381,16.572037914691943
2014-01,GYY,41.6163,-87.4128,20.645409691629958
2014-01,IGQ,41.5349,-87.5295,16.51878597122302
2014-01,IKK,41.0714,-87.8463,16.887526978417267
2014-01,JOT,41.5177,-88.1756,15.918352835283528
2014-01,LOT,41.6081,-88.0962,15.942239488117002
2014-01,MDW,41.786,-87.7524,18.69966535433071
2014-01,MGC,41.7033,-86.8212,18.297775760326825
2014-01,MKE,42.9472,-87.8967,16.196106719367588
2014-01,MWC,43.1104,-88.0344,12.371367215461703
2014-01,ORD,41.9875,-87.9319,18.08419503219871
2014-01,PPO,41.5725,-86.7345,15.60774193548387
2014-01,PWK,42.1208,-87.9047,17.869578256794753
2014-01,RAC,42.7611,-87.8136,16.471749347258484
2014-01,RZL,40.9479,-87.1826,18.662591240875912
2014-01,UES,43.041,-88.2371,11.092633228840125
2014-01,UGN,42.4222,-87.8679,15.943104631217839
2014-01,VPZ,41.454,-87.0071,15.548311688311689
2014-02,ARR,41.77,-88.48,15.019532814238042
2014-02,BUU,42.6907,-88.3046,11.964231738035265
2014-02,C09,41.4253,-88.4186,15.663716814159292
2014-02,DPA,41.9078,-88.2486,17.372026431718062
2014-02,ENW,42.595,-87.9381,17.12268558951965
2014-02,GYY,41.6163,-87.4128,19.761431095406362
2014-02,IGQ,41.5349,-87.5295,17.31113987058238
2014-02,IKK,41.0714,-87.8463,15.80800195407914
2014-02,JOT,41.5177,-88.1756,15.740541353383458
2014-02,LOT,41.6081,-88.0962,15.436316371681416
2014-02,MDW,41.786,-87.7524,20.161441860465118
2014-02,MGC,41.7033,-86.8212,19.924545454545456
2014-02,MKE,42.9472,-87.8967,17.71386046511628
2014-02,MWC,43.1104,-88.0344,14.03323076923077
2014-02,ORD,41.9875,-87.9319,19.687114093959732
2014-02,PPO,41.5725,-86.7345,16.477583624563156
2014-02,PWK,42.1208,-87.9047,19.204047904191615
2014-02,RAC,42.7611,-87.8136,17.710593220338982
2014-02,RZL,40.9479,-87.1826,18.115057528764382
2014-02,UES,43.041,-88.2371,12.830068337129841
2014-02,UGN,42.4222,-87.8679,17.332757111597374
2014-02,VPZ,41.454,-87.0071,17.75883417085427
2014-03,ARR,41.77,-88.48,28.948858638743456
2014-03,BUU,42.6907,-88.3046,26.117758775877586
2014-03,C09,41.4253,-88.4186,31.653815080789947
2014-03,DPA,41.9078,-88.2486,29.308085561497325
2014-03,ENW,42.595,-87.9381,28.636706915477497
2014-03,GYY,41.6163,-87.4128,32.38907467532468
2014-03,IGQ,41.5349,-87.5295,30.716648648648647
2014-03,IKK,41.0714,-87.8463,31.649753694581282
2014-03,JOT,41.5177,-88.1756,30.853149819494586
2014-03,LOT,41.6081,-88.0962,30.71266129032258
2014-03,MDW,41.786,-87.7524,31.389556541019957
2014-03,MGC,41.7033,-86.8212,30.558204895738893
2014-03,MKE,42.9472,-87.8967,28.576375838926175
2014-03,MWC,43.1104,-88.0344,26.73816075307748
2014-03,ORD,41.9875,-87.9319,30.36875
2014-03,PPO,41.5725,-86.7345,28.829685251798562
2014-03,PWK,42.1208,-87.9047,30.009318681318682
2014-03,RAC,42.7611,-87.8136,27.6280412371134
2014-03,RZL,40.9479,-87.1826,32.08181818181818
2014-03,UES,43.041,-88.2371,24.492682926829268
2014-03,UGN,42.4222,-87.8679,27.79340380549683
2014-03,VPZ,41.454,-87.0071,28.453664596273292
2014-04,ARR,41.77,-88.48,48.330366863905326
2014-04,BUU,42.6907,-88.3046,43.15253842571029
2014-04,C09,41.4253,-88.4186,49.02731891891892
2014-04,DPA,41.9078,-88.2486,47.95547169811321
2014-04,ENW,42.595,-87.9381,44.18889395667047
2014-04,GYY,41.6163,-87.4128,49.12357682619648
2014-04,IGQ,41.5349,-87.5295,48.29368715083799
2014-04,IKK,41.0714,-87.8463,51.49021803766105
2014-04,JOT,41.5177,-88.1756,49.435692158760894
2014-04,LOT,41.6081,-88.0962,49.054588665447895
2014-04,MDW,41.786,-87.7524,49.53574365175333
2014-04,MGC,41.7033,-86.8212,47.05538461538462
2014-04,MKE,42.9472,-87.8967,43.387093023255815
2014-04,MWC,43.1104,-88.0344,41.68617265087853
2014-04,ORD,41.9875,-87.9319,48.081493212669685
2014-04,OXI,41.3302,-86.6648,55.50902857142857
2014-04,PPO,41.5725,-86.7345,47.07696378830084
2014-04,PWK,42.1208,-87.9047,47.08758293838863
2014-04,RAC,42.7611,-87.8136,42.973973214285714
2014-04,RZL,40.9479,-87.1826,49.63582366589327
2014-04,UES,43.041,-88.2371,40.52403846153846
2014-04,UGN,42.4222,-87.8679,43.14434782608696
2014-04,VPZ,41.454,-87.0071,46.591875
2014-05,ARR,41.77,-88.48,61.00471760797342
2014-05,BUU,42.6907,-88.3046,57.070692124105015
2014-05,C09,41.4253,-88.4186,63.32831521739131
2014-05,DPA,41.9078,-88.2486,59.6391592920354
2014-05,ENW,42.595,-87.9381,57.45236902050114
2014-05,GYY,41.6163,-87.4128,59.81935643564356
2014-05,IGQ,41.5349,-87.5295,59.94097165991903
2014-05,IKK,41.0714,-87.8463,61.811261568436436
2014-05,JOT,41.5177,-88.1756,61.38575441776167
2014-05,LOT,41.6081,-88.0962,60.929927862939586
2014-05,MDW,41.786,-87.7524,62.89851590106007
2014-05,MGC,41.7033,-86.8212,58.321059721598566
2014-05,MKE,42.9472,-87.8967,56.03844727694091
2014-05,MWC,43.1104,-88.0344,53.78502202643172
2014-05,ORD,41.9875,-87.9319,60.531451612903226
2014-05,OXI,41.3302,-86.6648,61.084865350089764
2014-05,PPO,41.5725,-86.7345,59.233854447439356
2014-05,PWK,42.1208,-87.9047,60.06418655097614
2014-05,RAC,42.7611,-87.8136,55.53917721518987
2014-05,RZL,40.9479,-87.1826,62.17980813156692
2014-05,UES,43.041,-88.2371,52.876635514018695
2014-05,UGN,42.4222,-87.8679,56.29940724478595
2014-05,VPZ,41.454,-87.0071,59.5228078250863
2014-06,ARR,41.77,-88.48,70.16129363449691
2014-06,BUU,42.6907,-88.3046,66.3249814471243
2014-06,C09,41.4253,-88.4186,72.84231421446384
2014-06,DPA,41.9078,-88.2486,70.03151003167899
2014-06,ENW,42.595,-87.9381,65.2985628742515
2014-06,GYY,41.6163,-87.4128,68.58606418918919
2014-06,IGQ,41.5349,-87.5295,69.52490883590463
2014-06,IKK,41.0714,-87.8463,71.55740139211137
2014-06,JOT,41.5177,-88.1756,71.12935216755967
2014-06,LOT,41.6081,-88.0962,70.62165197215778
2014-06,MDW,41.786,-87.7524,72.0121158129176
2014-06,MGC,41.7033,-86.8212,67.9430325932924
2014-06,MKE,42.9472,-87.8967,63.84993788819876
2014-06,MWC,43.1104,-88.0344,63.620874904067534
2014-06,ORD,41.9875,-87.9319,69.88301639344262
2014-06,OXI,41.3302,-86.6648,70.66389925373134
2014-06,PPO,41.5725,-86.7345,68.79893408134642
2014-06,PWK,42.1208,-87.9047,68.88396761133603
2014-06,RAC,42.7611,-87.8136,63.11850236966825
2014-06,RZL,40.9479,-87.1826,71.21327146171694
2014-06,UES,43.041,-88.2371,62.89928400954654
2014-06,UGN,42.4222,-87.8679,63.66436884512086
2014-06,VPZ,41.454,-87.0071,68.73583417593528
2014-07,ARR,41.77,-88.48,68.87233853006681
2014-07,BUU,42.6907,-88.3046,65.05602012808784
2014-07,C09,41.4253,-88.4186,69.7215342214056
2014-07,DPA,41.9078,-88.2486,69.83182432432433
2014-07,ENW,42.595,-87.9381,67.02474576271186
2014-07,GYY,41.6163,-87.4128,68.45097418817652
2014-07,IGQ,41.5349,-87.5295,69.13405099150141
2014-07,IKK,41.0714,-87.8463,69.02884210526315
2014-07,JOT,41.5177,-88.1756,69.6156793086894
2014-07,LOT,41.6081,-88.0962,69.00869009584665
2014-07,MDW,41.786,-87.7524,72.5696
2014-07,MGC,41.7033,-86.8212,66.5365034965035
2014-07,MKE,42.9472,-87.8967,68.16041112454656
2014-07,MWC,43.1104,-88.0344,64.7420814479638
2014-07,ORD,41.9875,-87.9319,70.53293413173652
2014-07,OXI,41.3302,-86.6648,67.1767843866171
2014-07,PPO,41.5725,-86.7345,66.3882096069869
2014-07,PWK,42.1208,-87.9047,71.06816229116946
2014-07,RAC,42.7611,-87.8136,67.50568102444703
2014-07,RZL,40.9479,-87.1826,67.82556529764652
2014-07,UES,43.041,-88.2371,62.95217391304348
2014-07,UGN,42.4222,-87.8679,66.90389908256881
2014-07,VPZ,41.454,-87.0071,67.88219679633868
2014-08,ARR,41.77,-88.48,71.46979472140762
2014-08,BUU,42.6907,-88.3046,66.92480325644505
2014-08,C09,41.4253,-88.4186,72.14730158730158
2014-08,DPA,41.9078,-88.2486,72.37045871559633
2014-08,ENW,42.595,-87.9381,69.09274490785646
2014-08,GYY,41.6163,-87.4128,69.76139954853274
2014-08,IGQ,41.5349,-87.5295,70.86622135543637
2014-08,IKK,41.0714,-87.8463,71.10353413654619
2014-08,JOT,41.5177,-88.1756,71.50763372620126
2014-08,LOT,41.6081,-88.0962,71.13654891304348
2014-08,MDW,41.786,-87.7524,74.90773090079817
2014-08,MGC,41.7033,-86.8212,68.82863615768011
2014-08,MKE,42.9472,-87.8967,69.56682713347921
2014-08,MWC,43.1104,-88.0344,66.37973174366617
2014-08,ORD,41.9875,-87.9319,73.09878787878787
2014-08,OXI,41.3302,-86.6648,69.42244897959183
2014-08,PPO,41.5725,-86.7345,69.12205761316872
2014-08,PWK,42.1208,-87.9047,73.03102803738318
2014-08,RAC,42.7611,-87.8136,69.90959830866808
2014-08,RZL,40.9479,-87.1826,69.9693831607384
2014-08,UES,43.041,-88.2371,64.745566692367
2014-08,UGN,42.4222,-87.8679,69.5221325648415
2014-08,VPZ,41.454,-87.0071,69.69336492890996
2014-09,ARR,41.77,-88.48,61.122903981264635
2014-09,BUU,42.6907,-88.3046,57.73791666666666
2014-09,C09,41.4253,-88.4186,62.99130434782609
2014-09,DPA,41.9078,-88.2486,62.16501750291715
2014-09,ENW,42.595,-87.9381,59.16012048192771
2014-09,IGQ,41.5349,-87.5295,61.414321990858305
2014-09,IKK,41.0714,-87.8463,62.351468272348306
2014-09,JOT,41.5177,-88.1756,62.02031627906977
2014-09,LOT,41.6081,-88.0962,62.21725
2014-09,MDW,41.786,-87.7524,65.9057
2014-09,MGC,41.7033,-86.8212,60.774848625989755
2014-09,MKE,42.9472,-87.8967,61.648787515006
2014-09,MWC,43.1104,-88.0344,57.76712328767123
2014-09,ORD,41.9875,-87.9319,63.280095351609056
2014-09,OXI,41.3302,-86.6648,60.98658227848101
2014-09,PPO,41.5725,-86.7345,60.84661689220719
2014-09,PWK,42.1208,-87.9047,63.37016029593095
2014-09,RAC,42.7611,-87.8136,61.121255605381165
2014-09,RZL,40.9479,-87.1826,62.142401500938085
2014-09,UES,43.041,-88.2371,56.077680698967434
2014-09,UGN,42.4222,-87.8679,60.18415233415234
2014-09,VPZ,41.454,-87.0071,60.876866028708136
2014-10,ARR,41.77,-88.48,51.9522
2014-10,BUU,42.6907,-88.3046,47.735249214189494
2014-10,C09,41.4253,-88.4186,52.33522911051213
2014-10,DPA,41.9078,-88.2486,52.56217821782178
2014-10,ENW,42.595,-87.9381,51.322906574394466
2014-10,IGQ,41.5349,-87.5295,52.088226313426134
2014-10,IKK,41.0714,-87.8463,52.226337638376386
2014-10,JOT,41.5177,-88.1756,51.893920071845535
2014-10,LOT,41.6081,-88.0962,52.04131956912029
2014-10,MDW,41.786,-87.7524,55.47415420023015
2014-10,MGC,41.7033,-86.8212,51.386792452830186
2014-10,MKE,42.9472,-87.8967,51.637399309551206
2014-10,MWC,43.1104,-88.0344,47.83132530120482
2014-10,ORD,41.9875,-87.9319,53.04509933774835
2014-10,OXI,41.3302,-86.6648,51.709029649595685
2014-10,PPO,41.5725,-86.7345,52.78971140632157
2014-10,PWK,42.1208,-87.9047,53.98522033898305
2014-10,RAC,42.7611,-87.8136,51.88058577405858
2014-10,RZL,40.9479,-87.1826,52.427642276422766
2014-10,UES,43.041,-88.2371,46.336915887850466
2014-10,UGN,42.4222,-87.8679,50.44543778801843
2014-10,VPZ,41.454,-87.0071,52.66282208588957
2014-11,ARR,41.77,-88.48,33.90595059076262
2014-11,BUU,42.6907,-88.3046,29.60352278064819
2014-11,C09,41.4253,-88.4186,34.12241851676901
2014-11,DPA,41.9078,-88.2486,33.378302502720345
2014-11,ENW,42.595,-87.9381,32.68206533192834
2014-11,IGQ,41.5349,-87.5295,34.78936589948333
2014-11,IKK,41.0714,-87.8463,36.09717976318622
2014-11,JOT,41.5177,-88.1756,33.94362781954887
2014-11,LOT,41.6081,-88.0962,33.999294781382225
2014-11,MDW,41.786,-87.7524,36.62145631067961
2014-11,MGC,41.7033,-86.8212,35.59238721804511
2014-11,MKE,42.9472,-87.8967,33.098668122270745
2014-11,MWC,43.1104,-88.0344,30.90046511627907
2014-11,ORD,41.9875,-87.9319,33.95408637873754
2014-11,OXI,41.3302,-86.6648,34.48274694261524
2014-11,PPO,41.5725,-86.7345,35.618942815953865
2014-11,PWK,42.1208,-87.9047,34.58904918032787
2014-11,RAC,42.7611,-87.8136,33.09004210526316
2014-11,RZL,40.9479,-87.1826,35.47994363550963
2014-11,UES,43.041,-88.2371,28.7024
2014-11,UGN,42.4222,-87.8679,32.97128526645768
2014-11,VPZ,41.454,-87.0071,34.3626695371367
2014-12,ARR,41.77,-88.48,33.15997975708502
2014-12,BUU,42.6907,-88.3046,28.429084380610412
2014-12,C09,41.4253,-88.4186,31.949448183041724
2014-12,DPA,41.9078,-88.2486,32.93337386018237
2014-12,ENW,42.595,-87.9381,32.98748186528498
2014-12,IGQ,41.5349,-87.5295,33.058367713004486
2014-12,IKK,41.0714,-87.8463,32.83284304932735
2014-12,JOT,41.5177,-88.1756,31.991556156968876
2014-12,LOT,41.6081,-88.0962,32.082896860986544
2014-12,MDW,41.786,-87.7524,35.53119453924915
2014-12,MGC,41.7033,-86.8212,33.48183041722746
2014-12,MKE,42.9472,-87.8967,33.02647120418848
2014-12,MWC,43.1104,-88.0344,29.623573017049665
2014-12,ORD,41.9875,-87.9319,33.26581896551724
2014-12,OXI,41.3302,-86.6648,32.6277399103139
2014-12,PPO,41.5725,-86.7345,34.307324581258484
2014-12,PWK,42.1208,-87.9047,33.35355389541088
2014-12,RAC,42.7611,-87.8136,33.78541015625
2014-12,RZL,40.9479,-87.1826,33.384803256445046
2014-12,UES,43.041,-88.2371,27.635068912710565
2014-12,UGN,42.4222,-87.8679,32.63944954128441
2014-12,VPZ,41.454,-87.0071,33.66420465116279
2015-01,ARR,41.77,-88.48,22.678667917448404
2015-01,BUU,42.6907,-88.3046,19.096569113012155
2015-01,C09,41.4253,-88.4186,22.856130198915007
2015-01,DPA,41.9078,-88.2486,22.09
2015-01,ENW,42.595,-87.9381,22.426750483558994
2015-01,IGQ,41.5349,-87.5295,23.198696043165466
2015-01,IKK,41.0714,-87.8463,23.22953237410072
2015-01,JOT,41.5177,-88.1756,22.513336330935253
2015-01,LOT,41.6081,-88.0962,22.817410071942447
2015-01,MDW,41.786,-87.7524,25.555619047619047
2015-01,MGC,41.7033,-86.8212,23.75755395683453
2015-01,MKE,42.9472,-87.8967,22.843095723014258
2015-01,MWC,43.1104,-88.0344,21.153194650817237
2015-01,ORD,41.9875,-87.9319,23.025432835820894
2015-01,OXI,41.3302,-86.6648,22.29918165467626
2015-01,PPO,41.5725,-86.7345,23.961783783783783
2015-01,PWK,42.1208,-87.9047,23.22385068762279
2015-01,RAC,42.7611,-87.8136,23.197490566037736
2015-01,RZL,40.9479,-87.1826,24.302991256327658
2015-01,UES,43.041,-88.2371,19.00355486862442
2015-01,UGN,42.4222,-87.8679,22.02368989205103
2015-01,VPZ,41.454,-87.0071,22.1663074204947
2015-02,ARR,41.77,-88.48,15.849419642857143
2015-02,BUU,42.6907,-88.3046,11.28752119700748
2015-02,C09,41.4253,-88.4186,14.844436724565757
2015-02,DPA,41.9078,-88.2486,16.626772727272726
2015-02,ENW,42.595,-87.9381,14.941475595913735
2015-02,IGQ,41.5349,-87.5295,16.914213399503723
2015-02,IKK,41.0714,-87.8463,17.46582630272953
2015-02,JOT,41.5177,-88.1756,15.647678571428571
2015-02,LOT,41.6081,-88.0962,15.739078295341923
2015-02,MDW,41.786,-87.7524,19.48924369747899
2015-02,MGC,41.7033,-86.8212,18.460714285714285
2015-02,MKE,42.9472,-87.8967,16.010710900473935
2015-02,MWC,43.1104,-88.0344,13.524444444444445
2015-02,ORD,41.9875,-87.9319,16.896143497757848
2015-02,OXI,41.3302,-86.6648,16.97613127797116
2015-02,PPO,41.5725,-86.7345,17.91732142857143
2015-02,PWK,42.1208,-87.9047,17.406529284164858
2015-02,RAC,42.7611,-87.8136,16.021431718061674
2015-02,RZL,40.9479,-87.1826,18.955879396984926
2015-02,UES,43.041,-88.2371,11.371816638370118
2015-02,UGN,42.4222,-87.8679,15.568744394618834
2015-02,VPZ,41.454,-87.0071,16.393935599284436
2015-03,ARR,41.77,-88.48,34.01647577092511
2015-03,BUU,42.6907,-88.3046,31.36007203962179
2015-03,C09,41.4253,-88.4186,35.00356275303644
2015-03,DPA,41.9078,-88.2486,34.20932038834952
2015-03,ENW,42.595,-87.9381,33.19255172413793
2015-03,IGQ,41.5349,-87.5295,35.08619946091644
2015-03,IKK,41.0714,-87.8463,35.45068825910931
2015-03,JOT,41.5177,-88.1756,36.2792972972973
2015-03,LOT,41.6081,-88.0962,35.18650179856115
2015-03,MDW,41.786,-87.7524,37.68966473988439
2015-03,MGC,41.7033,-86.8212,34.60099592575826
2015-03,MKE,42.9472,-87.8967,34.298062283737025
2015-03,MWC,43.1104,-88.0344,32.33830703012912
2015-03,ORD,41.9875,-87.9319,34.88845901639344
2015-03,OXI,41.3302,-86.6648,34.05054054054054
2015-03,PPO,41.5725,-86.7345,35.41935135135135
2015-03,PWK,42.1208,-87.9047,34.73315789473684
2015-03,RAC,42.7611,-87.8136,33.635237020316026
2015-03,RZL,40.9479,-87.1826,35.56997294860234
2015-03,UES,43.041,-88.2371,30.629641185647426
2015-03,UGN,42.4222,-87.8679,33.0608813559322
2015-03,VPZ,41.454,-87.0071,33.247155599603566
2015-04,ARR,41.77,-88.48,50.655895765472316
2015-04,BUU,42.6907,-88.3046,45.05809082483781
2015-04,C09,41.4253,-88.4186,51.328
2015-04,DPA,41.9078,-88.2486,49.685155350978135
2015-04,ENW,42.595,-87.9381,46.05581947743468
2015-04,IGQ,41.5349,-87.5295,49.47993512511585
2015-04,IKK,41.0714,-87.8463,51.390347705146034
2015-04,JOT,41.5177,-88.1756,52.34935498839907
2015-04,LOT,41.6081,-88.0962,50.55518776077886
2015-04,MDW,41.786,-87.7524,52.205873786407764
2015-04,MGC,41.7033,-86.8212,48.19833178869323
2015-04,MKE,42.9472,-87.8967,44.825428571428574
2015-04,MWC,43.1104,-88.0344,43.08989751098097
2015-04,ORD,41.9875,-87.9319,49.307546728971964
2015-04,OXI,41.3302,-86.6648,49.21260426320667
2015-04,PPO,41.5725,-86.7345,47.92108222066058
2015-04,PWK,42.1208,-87.9047,48.52618672665917
2015-04,RAC,42.7611,-87.8136,44.44795530726257
2015-04,RZL,40.9479,-87.1826,52.18108108108108
2015-04,UES,43.041,-88.2371,42.536724960254375
2015-04,UGN,42.4222,-87.8679,45.44382289416847
2015-04,VPZ,41.454,-87.0071,49.69621125143513
2015-05,ARR,41.77,-88.48,62.169155080213905
2015-05,BUU,42.6907,-88.3046,56.80675930076199
2015-05,C09,41.4253,-88.4186,62.94024193548387
2015-05,DPA,41.9078,-88.2486,60.79963855421687
2015-05,ENW,42.595,-87.9381,58.11504885993485
2015-05,IGQ,41.5349,-87.5295,60.60733870967742
2015-05,IKK,41.0714,-87.8463,63.31056874160323
2015-05,JOT,41.5177,-88.1756,63.70189077558513
2015-05,LOT,41.6081,-88.0962,61.59996417375728
2015-05,MDW,41.786,-87.7524,62.864815668202766
2015-05,MGC,41.7033,-86.8212,60.43159784560144
2015-05,MKE,42.9472,-87.8967,56.70363043478261
2015-05,MWC,43.1104,-88.0344,54.88498583569405
2015-05,ORD,41.9875,-87.9319,59.914497907949794
2015-05,OXI,41.3302,-86.6648,62.296229802513466
2015-05,PPO,41.5725,-86.7345,63.79064066852368
2015-05,PWK,42.1208,-87.9047,59.28442190669371
2015-05,RAC,42.7611,-87.8136,56.22306900102986
2015-05,RZL,40.9479,-87.1826,63.44768683274021
2015-05,UES,43.041,-88.2371,54.15150115473441
2015-05,UGN,42.4222,-87.8679,56.625846153846155
2015-05,VPZ,41.454,-87.0071,61.9661919504644
2015-06,ARR,41.77,-88.48,69.08734693877551
2015-06,BUU,42.6907,-88.3046,63.69543099387659
2015-06,C09,41.4253,-88.4186,69.44805843543827
2015-06,DPA,41.9078,-88.2486,68.0678886756238
2015-06,ENW,42.595,-87.9381,65.23826280623608
2015-06,IGQ,41.5349,-87.5295,66.95052284503062
2015-06,IKK,41.0714,-87.8463,69.2994343240652
2015-06,JOT,41.5177,-88.1756,69.86648496240602
2015-06,LOT,41.6081,-88.0962,68.1338808071328
2015-06,MDW,41.786,-87.7524,69.81159388646289
2015-06,MGC,41.7033,-86.8212,65.56610169491526
2015-06,MKE,42.9472,-87.8967,63.48507109004739
2015-06,MWC,43.1104,-88.0344,61.78317054845981
2015-06,ORD,41.9875,-87.9319,67.20571725571726
2015-06,OXI,41.3302,-86.6648,67.580028395646
2015-06,PPO,41.5725,-86.7345,69.60154792414147
2015-06,PWK,42.1208,-87.9047,66.82359756097561
2015-06,RAC,42.7611,-87.8136,63.202777777777776
2015-06,RZL,40.9479,-87.1826,69.39905615856536
2015-06,UES,43.041,-88.2371,62.72053973013493
2015-06,UGN,42.4222,-87.8679,63.5259509202454
2015-06,VPZ,41.454,-87.0071,68.16838150289017
2015-07,ARR,41.77,-88.48,71.74534653465346
2015-07,BUU,42.6907,-88.3046,67.73116236162362
2015-07,C09,41.4253,-88.4186,72.33798350137488
2015-07,DPA,41.9078,-88.2486,71.65707792207792
2015-07,ENW,42.595,-87.9381,69.04911363636364
2015-07,IGQ,41.5349,-87.5295,71.73677685950413
2015-07,IKK,41.0714,-87.8463,72.53428571428572
2015-07,JOT,41.5177,-88.1756,73.40458598726114
2015-07,LOT,41.6081,-88.0962,71.90924750679963
2015-07,MDW,41.786,-87.7524,74.74259833134684
2015-07,MGC,41.7033,-86.8212,69.33799448022079
2015-07,MKE,42.9472,-87.8967,70.56073324905184
2015-07,MWC,43.1104,-88.0344,67.14031791907514
2015-07,ORD,41.9875,-87.9319,71.80077714285714
2015-07,OXI,41.3302,-86.6648,70.01775528978841
2015-07,PPO,41.5725,-86.7345,72.5365434669443
2015-07,PWK,42.1208,-87.9047,71.21431483578709
2015-07,RAC,42.7611,-87.8136,69.52753864447087
2015-07,RZL,40.9479,-87.1826,71.38813942960616
2015-07,UES,43.041,-88.2371,65.5334375
2015-07,UGN,42.4222,-87.8679,68.21794930875576
2015-07,VPZ,41.454,-87.0071,70.22313846153847
2015-08,ARR,41.77,-88.48,69.13892857142856
2015-08,BUU,42.6907,-88.3046,66.16085547050878
2015-08,C09,41.4253,-88.4186,69.94200720072007
2015-08,DPA,41.9078,-88.2486,69.8182302771855
2015-08,ENW,42.595,-87.9381,67.91587939698492
2015-08,IGQ,41.5349,-87.5295,70.60811989100817
2015-08,IKK,41.0714,-87.8463,70.59427539503386
2015-08,JOT,41.5177,-88.1756,71.91923457901846
2015-08,LOT,41.6081,-88.0962,70.07756855575869
2015-08,MDW,41.786,-87.7524,74.04354368932039
2015-08,MGC,41.7033,-86.8212,68.78877320054323
2015-08,MKE,42.9472,-87.8967,69.3929292929293
2015-08,MWC,43.1104,-88.0344,66.22418670438472
2015-08,ORD,41.9875,-87.9319,71.40257378984651
2015-08,OXI,41.3302,-86.6648,68.0291891891892
2015-08,PPO,41.5725,-86.7345,71.28942857142857
2015-08,PWK,42.1208,-87.9047,71.04702517162471
2015-08,RAC,42.7611,-87.8136,68.84676318510859
2015-08,RZL,40.9479,-87.1826,69.63769823289533
2015-08,UES,43.041,-88.2371,64.40140296180826
2015-08,UGN,42.4222,-87.8679,67.8987044534413
2015-08,VPZ,41.454,-87.0071,69.80925601750548
2015-09,ARR,41.77,-88.48,67.62700591715976
2015-09,BUU,42.6907,-88.3046,63.537478991596636
2015-09,C09,41.4253,-88.4186,68.00474799811587
2015-09,DPA,41.9078,-88.2486,67.09334104046243
2015-09,ENW,42.595,-87.9381,65.8702217529039
2015-09,IGQ,41.5349,-87.5295,67.74470588235295
2015-09,IKK,41.0714,-87.8463,68.21682584269664
2015-09,JOT,41.5177,-88.1756,69.62461969202053
2015-09,LOT,41.6081,-88.0962,67.89460747663551
2015-09,MDW,41.786,-87.7524,71.17035846724352
2015-09,MGC,41.7033,-86.8212,66.01419897244278
2015-09,MKE,42.9472,-87.8967,66.89795053003533
2015-09,MWC,43.1104,-88.0344,63.91877282688093
2015-09,ORD,41.9875,-87.9319,68.69268053855569
2015-09,OXI,41.3302,-86.6648,65.8056982718356
2015-09,PPO,41.5725,-86.7345,69.49755623100305
2015-09,PWK,42.1208,-87.9047,66.9021850899743
2015-09,RAC,42.7611,-87.8136,67.04491803278688
2015-09,RZL,40.9479,-87.1826,67.5811797752809
2015-09,UES,43.041,-88.2371,62.3873786407767
2015-09,UGN,42.4222,-87.8679,65.69383458646617
2015-09,VPZ,41.454,-87.0071,68.19005701254277
2015-10,ARR,41.77,-88.48,52.98076749435666
2015-10,BUU,42.6907,-88.3046,50.02902702702703
2015-10,C09,41.4253,-88.4186,54.028600682593854
2015-10,DPA,41.9078,-88.2486,53.40365493757094
2015-10,ENW,42.595,-87.9381,53.02612244897959
2015-10,IGQ,41.5349,-87.5295,53.83237837837838
2015-10,IKK,41.0714,-87.8463,54.29867992766727
2015-10,JOT,41.5177,-88.1756,55.42515779981966
2015-10,LOT,41.6081,-88.0962,53.97889189189189
2015-10,MDW,41.786,-87.7524,56.41610771113831
2015-10,MGC,41.7033,-86.8212,52.50166741775575
2015-10,MKE,42.9472,-87.8967,53.94180963572268
2015-10,MWC,43.1104,-88.0344,50.2687898089172
2015-10,ORD,41.9875,-87.9319,54.557556886227545
2015-10,OXI,41.3302,-86.6648,52.17719693555656
2015-10,PPO,41.5725,-86.7345,54.6534215885947
2015-10,PWK,42.1208,-87.9047,54.15851063829787
2015-10,RAC,42.7611,-87.8136,54.10366972477064
2015-10,RZL,40.9479,-87.1826,54.186425339366515
2015-10,UES,43.041,-88.2371,48.56391912908243
2015-10,UGN,42.4222,-87.8679,53.065694915254234
2015-10,VPZ,41.454,-87.0071,54.060350492880616
2015-11,ARR,41.77,-88.48,43.92971615720524
2015-11,BUU,42.6907,-88.3046,40.767384615384614
2015-11,C09,41.4253,-88.4186,43.663166351606804
2015-11,DPA,41.9078,-88.2486,43.31221739130435
2015-11,ENW,42.595,-87.9381,44.12114735658043
2015-11,IGQ,41.5349,-87.5295,44.492235184321046
2015-11,IKK,41.0714,-87.8463,44.35694962686567
2015-11,JOT,41.5177,-88.1756,45.32251748251748
2015-11,LOT,41.6081,-88.0962,43.8882276119403
2015-11,MDW,41.786,-87.7524,47.35680924855491
2015-11,MGC,41.7033,-86.8212,45.477762237762235
2015-11,MKE,42.9472,-87.8967,44.58109684947491
2015-11,MWC,43.1104,-88.0344,42.130105900151285
2015-11,ORD,41.9875,-87.9319,44.90655290102389
2015-11,OXI,41.3302,-86.6648,43.98348110125992
2015-11,PPO,41.5725,-86.7345,45.5765671641791
2015-11,PWK,42.1208,-87.9047,44.15118681318681
2015-11,RAC,42.7611,-87.8136,44.89614864864865
2015-11,RZL,40.9479,-87.1826,45.32896122546673
2015-11,UES,43.041,-88.2371,40.32518337408313
2015-11,UGN,42.4222,-87.8679,44.09826771653543
2015-11,VPZ,41.454,-87.0071,44.65092378752887
2015-12,ARR,41.77,-88.48,39.59563909774436
2015-12,BUU,42.6907,-88.3046,35.04266129032258
2015-12,C09,41.4253,-88.4186,39.38131747483989
2015-12,DPA,41.9078,-88.2486,38.48030586236194
2015-12,ENW,42.595,-87.9381,38.33648214285714
2015-12,IGQ,41.5349,-87.5295,39.63
2015-12,IKK,41.0714,-87.8463,39.8235800807537
2015-12,JOT,41.5177,-88.1756,40.840483870967745
2015-12,LOT,41.6081,-88.0962,38.993951612903224
2015-12,MDW,41.786,-87.7524,41.357444219066934
2015-12,MGC,41.7033,-86.8212,40.04821024014499
2015-12,MKE,42.9472,-87.8967,37.814652301665035
2015-12,MWC,43.1104,-88.0344,36.060524450744154
2015-12,ORD,41.9875,-87.9319,39.290650994575046
2015-12,OXI,41.3302,-86.6648,41.408
2015-12,PPO,41.5725,-86.7345,40.12491349480969
2015-12,PWK,42.1208,-87.9047,39.281252336448595
2015-12,RAC,42.7611,-87.8136,38.22647887323944
2015-12,RZL,40.9479,-87.1826,40.39432432432432
2015-12,UES,43.041,-88.2371,34.39577464788732
2015-12,UGN,42.4222,-87.8679,38.19867132867133
2015-12,VPZ,41.454,-87.0071,40.54151245551601
2016-01,ARR,41.77,-88.48,25.54541622760801
2016-01,BUU,42.6907,-88.3046,20.24491935483871
2016-01,C09,41.4253,-88.4186,25.52024193548387
2016-01,DPA,41.9078,-88.2486,24.758315789473684
2016-01,ENW,42.595,-87.9381,24.07355789473684
2016-01,IGQ,41.5349,-87.5295,25.942528014343345
2016-01,IKK,41.0714,-87.8463,26.44102425876011
2016-01,JOT,41.5177,-88.1756,27.001451612903224
2016-01,LOT,41.6081,-88.0962,25.106693548387096
2016-01,MDW,41.786,-87.7524,27.92295871559633
2016-01,MGC,41.7033,-86.8212,27.06048387096774
2016-01,MKE,42.9472,-87.8967,24.16701986754967
2016-01,MWC,43.1104,-88.0344,21.765310492505353
2016-01,ORD,41.9875,-87.9319,25.78459227467811
2016-01,PPO,41.5725,-86.7345,25.748740884783665
2016-01,PWK,42.1208,-87.9047,25.85445037353255
2016-01,RAC,42.7611,-87.8136,24.831971252566735
2016-01,RZL,40.9479,-87.1826,27.664197530864197
2016-01,UES,43.041,-88.2371,19.967692307692307
2016-01,UGN,42.4222,-87.8679,24.46955223880597
2016-01,VPZ,41.454,-87.0071,27.00349848331648
2016-02,ARR,41.77,-88.48,29.716288659793815
2016-02,BUU,42.6907,-88.3046,26.57155172413793
2016-02,C09,41.4253,-88.4186,30.920689655172414
2016-02,DPA,41.9078,-88.2486,29.01160220994475
2016-02,ENW,42.595,-87.9381,28.747474747474747
2016-02,IGQ,41.5349,-87.5295,30.948302972195588
2016-02,IKK,41.0714,-87.8463,31.577398843930634
2016-02,JOT,41.5177,-88.1756,32.504741379310346
2016-02,LOT,41.6081,-88.0962,30.72689655172414
2016-02,MDW,41.786,-87.7524,31.98638655462185
2016-02,MGC,41.7033,-86.8212,30.916600397614314
2016-02,MKE,42.9472,-87.8967,29.025392491467578
2016-02,MWC,43.1104,-88.0344,27.454931714719272
2016-02,ORD,41.9875,-87.9319,29.815274725274726
2016-02,OXI,41.3302,-86.6648,29.697838899803536
2016-02,PPO,41.5725,-86.7345,31.304610778443113
2016-02,PWK,42.1208,-87.9047,29.53110344827586
2016-02,RAC,42.7611,-87.8136,29.200429864253394
2016-02,RZL,40.9479,-87.1826,32
2016-02,UES,43.041,-88.2371,25.475737704918032
2016-02,UGN,42.4222,-87.8679,28.614408839779006
2016-02,VPZ,41.454,-87.0071,30.352764505119453
2016-03,ARR,41.77,-88.48,44.14639260020555
2016-03,BUU,42.6907,-88.3046,39.25326116373478
2016-03,C09,41.4253,-88.4186,44.50048780487805
2016-03,DPA,41.9078,-88.2486,43.043604887983705
2016-03,ENW,42.595,-87.9381,40.04355226641998
2016-03,IGQ,41.5349,-87.5295,43.77566515837104
2016-03,IKK,41.0714,-87.8463,45.45034482758621
2016-03,JOT,41.5177,-88.1756,45.932323595505615
2016-03,LOT,41.6081,-88.0962,43.85973779385172
2016-03,MDW,41.786,-87.7524,44.557564245810056
2016-03,MGC,41.7033,-86.8212,42.617895683453234
2016-03,MKE,42.9472,-87.8967,39.479597585513076
2016-03,MWC,43.1104,-88.0344,37.56234788833214
2016-03,ORD,41.9875,-87.9319,42.330329896907216
2016-03,OXI,41.3302,-86.6648,43.46107623318385
2016-03,PPO,41.5725,-86.7345,44.144331797235026
2016-03,PWK,42.1208,-87.9047,41.79659183673469
2016-03,RAC,42.7611,-87.8136,39.392719141323795
2016-03,RZL,40.9479,-87.1826,45.46540027137042
2016-03,UES,43.041,-88.2371,36.724303405572755
2016-03,UGN,42.4222,-87.8679,39.52965317919075
2016-03,VPZ,41.454,-87.0071,43.57380073800738
2016-04,ARR,41.77,-88.48,48.74255458515284
2016-04,BUU,42.6907,-88.3046,43.79996294580825
2016-04,C09,41.4253,-88.4186,50.11483333333333
2016-04,DPA,41.9078,-88.2486,47.3814696485623
2016-04,ENW,42.595,-87.9381,43.857354838709675
2016-04,IGQ,41.5349,-87.5295,47.80223251505326
2016-04,IKK,41.0714,-87.8463,49.61533428165007
2016-04,JOT,41.5177,-88.1756,50.917833333333334
2016-04,LOT,41.6081,-88.0962,48.92275254865616
2016-04,MDW,41.786,-87.7524,48.659724137931036
2016-04,MGC,41.7033,-86.8212,47.51623376623377
2016-04,MKE,42.9472,-87.8967,42.362771618625274
2016-04,MWC,43.1104,-88.0344,40.79869281045752
2016-04,ORD,41.9875,-87.9319,46.34461538461539
2016-04,OXI,41.3302,-86.6648,48.10878661087866
2016-04,PPO,41.5725,-86.7345,49.496346153846154
2016-04,PWK,42.1208,-87.9047,45.999568034557235
2016-04,RAC,42.7611,-87.8136,42.72663865546218
2016-04,RZL,40.9479,-87.1826,49.720315398886825
2016-04,UES,43.041,-88.2371,40.175178997613365
2016-04,UGN,42.4222,-87.8679,43.19894957983193
2016-04,VPZ,41.454,-87.0071,47.06096579476861
2016-05,ARR,41.77,-88.48,60.70528428093645
2016-05,BUU,42.6907,-88.3046,56.73030493273543
2016-05,C09,41.4253,-88.4186,61.72576043068641
2016-05,DPA,41.9078,-88.2486,59.58132752992383
2016-05,ENW,42.595,-87.9381,57.41436554132712
2016-05,IGQ,41.5349,-87.5295,58.95939910313901
2016-05,IKK,41.0714,-87.8463,58.41366956521739
2016-05,JOT,41.5177,-88.1756,61.73711340206186
2016-05,LOT,41.6081,-88.0962,60.42854325414612
2016-05,MDW,41.786,-87.7524,61.55948658109685
2016-05,MGC,41.7033,-86.8212,57.29044414535666
2016-05,MKE,42.9472,-87.8967,56.52854166666667
2016-05,MWC,43.1104,-88.0344,53.943175074183976
2016-05,ORD,41.9875,-87.9319,59.452883977900555
2016-05,OXI,41.3302,-86.6648,58.750246969016615
2016-05,PPO,41.5725,-86.7345,61.10176470588235
2016-05,PWK,42.1208,-87.9047,58.68474344355758
2016-05,RAC,42.7611,-87.8136,55.86727272727273
2016-05,RZL,40.9479,-87.1826,60.67653429602888
2016-05,UES,43.041,-88.2371,53.11825153374233
2016-05,UGN,42.4222,-87.8679,55.17711764705882
2016-05,VPZ,41.454,-87.0071,59.00647331786543
2016-06,ARR,41.77,-88.48,71.6581067961165
2016-06,BUU,42.6907,-88.3046,68.81284032030146
2016-06,C09,41.4253,-88.4186,72.6399906803355
2016-06,DPA,41.9078,-88.2486,70.90445768772348
2016-06,ENW,42.595,-87.9381,68.90238267148014
2016-06,IGQ,41.5349,-87.5295,71.53720930232558
2016-06,IKK,41.0714,-87.8463,73.22922646784716
2016-06,JOT,41.5177,-88.1756,73.54512081784387
2016-06,LOT,41.6081,-88.0962,72.03439330543934
2016-06,MDW,41.786,-87.7524,73.92261096605745
2016-06,MGC,41.7033,-86.8212,68.23938404106393
2016-06,MKE,42.9472,-87.8967,68.90160305343511
2016-06,MWC,43.1104,-88.0344,65.24161392405064
2016-06,ORD,41.9875,-87.9319,71.71062972292191
2016-06,OXI,41.3302,-86.6648,69.90051186598419
2016-06,PPO,41.5725,-86.7345,72.58425531914894
2016-06,PWK,42.1208,-87.9047,70.83846153846154
2016-06,RAC,42.7611,-87.8136,68.23909196740397
2016-06,RZL,40.9479,-87.1826,72.04370922646785
2016-06,UES,43.041,-88.2371,63.977056962025316
2016-06,UGN,42.4222,-87.8679,66.80567986230636
2016-06,VPZ,41.454,-87.0071,71.3789756722151
2016-07,ARR,41.77,-88.48,73.95577981651377
2016-07,BUU,42.6907,-88.3046,71.97331838565023
2016-07,C09,41.4253,-88.4186,73.59623149394348
2016-07,DPA,41.9078,-88.2486,73.88277019937041
2016-07,ENW,42.595,-87.9381,72.53240875912408
2016-07,IGQ,41.5349,-87.5295,74.25229596412557
2016-07,IKK,41.0714,-87.8463,72.63442641946698
2016-07,JOT,41.5177,-88.1756,75.63048387096774
2016-07,LOT,41.6081,-88.0962,73.75758064516128
2016-07,MDW,41.786,-87.7524,76.82901072705602
2016-07,MGC,41.7033,-86.8212,71.96145880234128
2016-07,MKE,42.9472,-87.8967,74.0183835946924
2016-07,MWC,43.1104,-88.0344,70.31254695717506
2016-07,ORD,41.9875,-87.9319,74.79381984036488
2016-07,OXI,41.3302,-86.6648,71.56369341102645
2016-07,PPO,41.5725,-86.7345,75.96081823495032
2016-07,PWK,42.1208,-87.9047,74.7592967032967
2016-07,RAC,42.7611,-87.8136,73.35090909090908
2016-07,RZL,40.9479,-87.1826,72.0045945945946
2016-07,UES,43.041,-88.2371,68.18260869565218
2016-07,UGN,42.4222,-87.8679,71.90436849925706
2016-07,VPZ,41.454,-87.0071,73.43995689655172
2016-08,ARR,41.77,-88.48,73.92991208791209
2016-08,BUU,42.6907,-88.3046,71.09241131567131
2016-08,C09,41.4253,-88.4186,73.67185816876122
2016-08,DPA,41.9078,-88.2486,74.33472987872106
2016-08,ENW,42.595,-87.9381,72.79993801652893
2016-08,IGQ,41.5349,-87.5295,74.20967654986524
2016-08,IKK,41.0714,-87.8463,74.40134589502019
2016-08,JOT,41.5177,-88.1756,75.75563800904978
2016-08,LOT,41.6081,-88.0962,73.90744165170557
2016-08,MDW,41.786,-87.7524,77.39634002361275
2016-08,MGC,41.7033,-86.8212,72.3099730458221
2016-08,MKE,42.9472,-87.8967,74.96758700696056
2016-08,MWC,43.1104,-88.0344,70.43775280898876
2016-08,ORD,41.9875,-87.9319,75.43142857142857
2016-08,OXI,41.3302,-86.6648,72.17118491921005
2016-08,PPO,41.5725,-86.7345,77.27024759284731
2016-08,PWK,42.1208,-87.9047,75.18380410022779
2016-08,RAC,42.7611,-87.8136,73.84119565217391
2016-08,RZL,40.9479,-87.1826,73.19725274725275
2016-08,UES,43.041,-88.2371,68.29515011547345
2016-08,UGN,42.4222,-87.8679,72.151334332833585
2016-08,VPZ,41.454,-87.0071,73.80410471204189
2016-09,ARR,41.77,-88.48,68.59738181818182
2016-09,BUU,42.6907,-88.3046,63.99182745825603
2016-09,C09,41.4253,-88.4186,68.77028677150787
2016-09,DPA,41.9078,-88.2486,68.11628504672898
2016-09,ENW,42.595,-87.9381,66.68587557603686
2016-09,IGQ,41.5349,-87.5295,68.84589161648911
2016-09,IKK,41.0714,-87.8463,69.01511337343823
2016-09,JOT,41.5177,-88.1756,70.18160333642261
2016-09,LOT,41.6081,-88.0962,68.5369986104678
2016-09,MDW,41.786,-87.7524,71.57691158156912
2016-09,MGC,41.7033,-86.8212,67.25229485396383
2016-09,MKE,42.9472,-87.8967,68.46035587188612
2016-09,MWC,43.1104,-88.0344,63.759750390015604
2016-09,ORD,41.9875,-87.9319,69.20813186813187
2016-09,OXI,41.3302,-86.6648,66.81745659314876
2016-09,PPO,41.5725,-86.7345,71.04209068010076
2016-09,PWK,42.1208,-87.9047,68.79459657701712
2016-09,RAC,42.7611,-87.8136,67.43922285714285
2016-09,RZL,40.9479,-87.1826,68.21097674418604
2016-09,UES,43.041,-88.2371,62.04647887323944
2016-09,UGN,42.4222,-87.8679,67.00241653418124
2016-09,VPZ,41.454,-87.0071,68.24100598802396
2016-10,ARR,41.77,-88.48,57.19803278688524
2016-10,BUU,42.6907,-88.3046,52.3083064516129
2016-10,C09,41.4253,-88.4186,57.660528910802334
2016-10,DPA,41.9078,-88.2486,56.771812227074236
2016-10,ENW,42.595,-87.9381,55.75940724478595
2016-10,IGQ,41.5349,-87.5295,57.14933213805468
2016-10,IKK,41.0714,-87.8463,58.166532258064514
2016-10,JOT,41.5177,-88.1756,58.501290322580644
2016-10,LOT,41.6081,-88.0962,56.954325414612285
2016-10,MDW,41.786,-87.7524,59.39038961038961
2016-10,MGC,41.7033,-86.8212,56.19461641991925
2016-10,MKE,42.9472,-87.8967,56.96566410537871
2016-10,MWC,43.1104,-88.0344,52.16324081020255
2016-10,ORD,41.9875,-87.9319,57.413774834437085
2016-10,OXI,41.3302,-86.6648,55.967996414164055
2016-10,PPO,41.5725,-86.7345,59.83332096474954
2016-10,PWK,42.1208,-87.9047,57.05652762119504
2016-10,RAC,42.7611,-87.8136,56.25344827586207
2016-10,RZL,40.9479,-87.1826,57.907200720072005
2016-10,UES,43.041,-88.2371,50.4935262757045
2016-10,UGN,42.4222,-87.8679,56.63908256880734
2016-10,VPZ,41.454,-87.0071,57.7974
2016-11,ARR,41.77,-88.48,45.012027334851936
2016-11,BUU,42.6907,-88.3046,42.86063050533148
2016-11,C09,41.4253,-88.4186,46.11354359925789
2016-11,DPA,41.9078,-88.2486,45.435073446327685
2016-11,ENW,42.595,-87.9381,45.64455284552846
2016-11,IGQ,41.5349,-87.5295,46.053487940630795
2016-11,IKK,41.0714,-87.8463,46.115241187384044
2016-11,JOT,41.5177,-88.1756,47.00709318497914
2016-11,LOT,41.6081,-88.0962,45.84236549165121
2016-11,MDW,41.786,-87.7524,48.73221945137157
2016-11,MGC,41.7033,-86.8212,46.079406307977735
2016-11,MKE,42.9472,-87.8967,46.91541567695962
2016-11,MWC,43.1104,-88.0344,42.999384615384614
2016-11,ORD,41.9875,-87.9319,47.05866028708134
2016-11,OXI,41.3302,-86.6648,48.256440677966104
2016-11,PPO,41.5725,-86.7345,48.115385587863464
2016-11,PWK,42.1208,-87.9047,46.617943262411345
2016-11,RAC,42.7611,-87.8136,45.957136363636366
2016-11,RZL,40.9479,-87.1826,46.50781025395304
2016-11,UES,43.041,-88.2371,41.45355450236967
2016-11,UGN,42.4222,-87.8679,45.8155298013245
2016-11,VPZ,41.454,-87.0071,46.92166854565953
2016-12,ARR,41.77,-88.48,25.567971163748712
2016-12,BUU,42.6907,-88.3046,29.232130384167636
2016-12,C09,41.4253,-88.4186,25.540333483551148
2016-12,DPA,41.9078,-88.2486,25.77802197802198
2016-12,ENW,42.595,-87.9381,25.74006116207951
2016-12,IGQ,41.5349,-87.5295,25.821144967682365
2016-12,IKK,41.0714,-87.8463,26.737151841868823
2016-12,JOT,41.5177,-88.1756,27.135191011235953
2016-12,LOT,41.6081,-88.0962,25.141475483580745
2016-12,MDW,41.786,-87.7524,28.032745314222712
2016-12,MGC,41.7033,-86.8212,28.44608695652174
2016-12,MKE,42.9472,-87.8967,27.001651982378856
2016-12,MWC,43.1104,-88.0344,24.303632320237213
2016-12,ORD,41.9875,-87.9319,26.509174311926607
2016-12,OXI,41.3302,-86.6648,26.3010801080108
2016-12,PPO,41.5725,-86.7345,25.689767671774593
2016-12,PWK,42.1208,-87.9047,26.555864197530862
2016-12,RAC,42.7611,-87.8136,26.86241134751773
2016-12,RZL,40.9479,-87.1826,27.7412032816773
2016-12,UES,43.041,-88.2371,22.168275862068967
2016-12,UGN,42.4222,-87.8679,26.146565774155995
2016-12,VPZ,41.454,-87.0071,27.225191570881226
2017-01,ARR,41.77,-88.48,30.733237271853987
2017-01,BUU,42.6907,-88.3046,33.77136627906977
2017-01,C09,41.4253,-88.4186,29.175857400722023
2017-01,DPA,41.9078,-88.2486,30.396520146520146
2017-01,ENW,42.595,-87.9381,29.326382592928375
2017-01,IGQ,41.5349,-87.5295,29.700946798917943
2017-01,IKK,41.0714,-87.8463,30.553513513513515
2017-01,JOT,41.5177,-88.1756,30.76466876971609
2017-01,LOT,41.6081,-88.0962,28.679771167048056
2017-01,MDW,41.786,-87.7524,31.60902255639098
2017-01,MGC,41.7033,-86.8212,30.54746835443038
2017-01,MKE,42.9472,-87.8967,29.84741873804971
2017-01,MWC,43.1104,-88.0344,24.97872340425532
2017-01,ORD,41.9875,-87.9319,30.621930646672915
2017-01,OXI,41.3302,-86.6648,30.343513513513514
2017-01,PPO,41.5725,-86.7345,29.48533393501805
2017-01,PWK,42.1208,-87.9047,30.446580406654345
2017-01,RAC,42.7611,-87.8136,29.646167557932262
2017-01,RZL,40.9479,-87.1826,31.249389416553594
2017-01,UES,43.041,-88.2371,23.241832061068703
2017-01,UGN,42.4222,-87.8679,29.639272727272726
2017-01,VPZ,41.454,-87.0071,32.69013215859031
2017-02,ARR,41.77,-88.48,38.75092936802974
2017-02,BUU,42.6907,-88.3046,34.284145129224655
2017-02,C09,41.4253,-88.4186,37.77470178926441
2017-02,DPA,41.9078,-88.2486,38.19766871165644
2017-02,ENW,42.595,-87.9381,35.85495169082126
2017-02,IGQ,41.5349,-87.5295,37.792441571357536
2017-02,IKK,41.0714,-87.8463,38.541691542288554
2017-02,JOT,41.5177,-88.1756,39.38875621890547
2017-02,LOT,41.6081,-88.0962,37.62010950721752
2017-02,MDW,41.786,-87.7524,40.265151515151516
2017-02,MGC,41.7033,-86.8212,38.1812
2017-02,MKE,42.9472,-87.8967,36.11795511221945
2017-02,MWC,43.1104,-88.0344,32.24807692307692
2017-02,ORD,41.9875,-87.9319,39.262713936430316
2017-02,OXI,41.3302,-86.6648,38.0903740648379
2017-02,PPO,41.5725,-86.7345,37.30059642147117
2017-02,PWK,42.1208,-87.9047,37.92303921568627
2017-02,RAC,42.7611,-87.8136,35.45391095066185
2017-02,RZL,40.9479,-87.1826,39.27092269326683
2017-02,UES,43.041,-88.2371,31.07487684729064
2017-02,UGN,42.4222,-87.8679,36.120069605568446
2017-02,VPZ,41.454,-87.0071,40.36229508196721
2017-03,ARR,41.77,-88.48,40.03868394815553
2017-03,BUU,42.6907,-88.3046,36.632482078853045
2017-03,C09,41.4253,-88.4186,39.718153294486775
2017-03,DPA,41.9078,-88.2486,39.0157063197026
2017-03,ENW,42.595,-87.9381,35.33470533208606
2017-03,IGQ,41.5349,-87.5295,38.34730941704036
2017-03,IKK,41.0714,-87.8463,40.57982062780269
2017-03,JOT,41.5177,-88.1756,40.88358744394619
2017-03,LOT,41.6081,-88.0962,38.74679228353522
2017-03,MDW,41.786,-87.7524,39.726020408163265
2017-03,MGC,41.7033,-86.8212,37.72631578947368
2017-03,MKE,42.9472,-87.8967,35.94241516966068
2017-03,MWC,43.1104,-88.0344,32.61518987341772
2017-03,ORD,41.9875,-87.9319,39.39403122130395
2017-03,OXI,41.3302,-86.6648,37.903217036701406
2017-03,PPO,41.5725,-86.7345,37.343154089471305
2017-03,PWK,42.1208,-87.9047,37.286405959031654
2017-03,RAC,42.7611,-87.8136,35.08996316758748
2017-03,RZL,40.9479,-87.1826,40.261683926159385
2017-03,UES,43.041,-88.2371,31.458646616541355
2017-03,UGN,42.4222,-87.8679,35.58889875666075
2017-03,VPZ,41.454,-87.0071,39.6324027072758
2017-04,ARR,41.77,-88.48,53.53058690744921
2017-04,BUU,42.6907,-88.3046,53.39041666666667
2017-04,C09,41.4253,-88.4186,54.40811312007418
2017-04,DPA,41.9078,-88.2486,52.55428253615128
2017-04,ENW,42.595,-87.9381,49.84015572858732
2017-04,IGQ,41.5349,-87.5295,53.118611111111115
2017-04,IKK,41.0714,-87.8463,55.22673497904052
2017-04,JOT,41.5177,-88.1756,55.47384044526902
2017-04,LOT,41.6081,-88.0962,53.4225
2017-04,MDW,41.786,-87.7524,53.90714285714286
2017-04,MGC,41.7033,-86.8212,51.928089887640446
2017-04,MKE,42.9472,-87.8967,49.69772985244041
2017-04,MWC,43.1104,-88.0344,46.61229449606862
2017-04,ORD,41.9875,-87.9319,52.90011261261261
2017-04,OXI,41.3302,-86.6648,52.39535783365571
2017-04,PPO,41.5725,-86.7345,52.5442280945758
2017-04,PWK,42.1208,-87.9047,51.242615558060876
2017-04,RAC,42.7611,-87.8136,48.78295081967213
2017-04,RZL,40.9479,-87.1826,55.2175618869687
2017-04,UES,43.041,-88.2371,45.740381558028616
2017-04,UGN,42.4222,-87.8679,49.245714285714286
2017-04,VPZ,41.454,-87.0071,54.71949339207048
2017-05,ARR,41.77,-88.48,58.16195069667739
2017-05,BUU,42.6907,-88.3046,61.4785038305543
2017-05,C09,41.4253,-88.4186,59.13751680860601
2017-05,DPA,41.9078,-88.2486,55.974123711340205
2017-05,ENW,42.595,-87.9381,54.306783369803064
2017-05,IGQ,41.5349,-87.5295,56.80677433826828
2017-05,IKK,41.0714,-87.8463,59.627938517179025
2017-05,JOT,41.5177,-88.1756,59.58639558232932
2017-05,LOT,41.6081,-88.0962,57.97467503361721
2017-05,MDW,41.786,-87.7524,58.18888888888889
2017-05,MGC,41.7033,-86.8212,55.5217550274223
2017-05,MKE,42.9472,-87.8967,54.87007786429366
2017-05,MWC,43.1104,-88.0344,51.39804605722261
2017-05,ORD,41.9875,-87.9319,57.18795180722891
2017-05,OXI,41.3302,-86.6648,57.179656419529834
2017-05,PPO,41.5725,-86.7345,56.99762118491921
2017-05,PWK,42.1208,-87.9047,55.398011049723756
2017-05,RAC,42.7611,-87.8136,53.44464864864865
2017-05,RZL,40.9479,-87.1826,59.063386004514676
2017-05,UES,43.041,-88.2371,50.32456575682382
2017-05,UGN,42.4222,-87.8679,53.67807486631016
2017-05,VPZ,41.454,-87.0071,58.22408687068115
2017-06,ARR,41.77,-88.48,72.00913348946136
2017-06,BUU,42.6907,-88.3046,71.25609302325581
2017-06,C09,41.4253,-88.4186,72.76432558139535
2017-06,DPA,41.9078,-88.2486,70.14568210262829
2017-06,ENW,42.595,-87.9381,68.7968085106383
2017-06,IGQ,41.5349,-87.5295,70.97597583643123
2017-06,IKK,41.0714,-87.8463,72.75448154657293
2017-06,JOT,41.5177,-88.1756,72.99860529986053
2017-06,LOT,41.6081,-88.0962,71.6122380952381
2017-06,MDW,41.786,-87.7524,73.52746835443038
2017-06,MGC,41.7033,-86.8212,68.39375
2017-06,MKE,42.9472,-87.8967,70.097365119197
2017-06,MWC,43.1104,-88.0344,65.33362068965518
2017-06,ORD,41.9875,-87.9319,72.55883084577114
2017-06,OXI,41.3302,-86.6648,69.68668280871671
2017-06,PPO,41.5725,-86.7345,70.42539534883721
2017-06,PWK,42.1208,-87.9047,70.8227602905569
2017-06,RAC,42.7611,-87.8136,68.42447306791568
2017-06,RZL,40.9479,-87.1826,72.63782794386822
2017-06,UES,43.041,-88.2371,63.715449915110355
2017-06,UGN,42.4222,-87.8679,68.6145933014354
2017-06,VPZ,41.454,-87.0071,72.58939197930142
2017-07,ARR,41.77,-88.48,72.56455834242094
2017-07,BUU,42.6907,-88.3046,71.12059672762271
2017-07,C09,41.4253,-88.4186,73.36309417040358
2017-07,DPA,41.9078,-88.2486,72.45048439181916
2017-07,ENW,42.595,-87.9381,70.78240343347639
2017-07,IGQ,41.5349,-87.5295,73.12032301480484
2017-07,IKK,41.0714,-87.8463,73.90590015128593
2017-07,JOT,41.5177,-88.1756,75.17914798206279
2017-07,LOT,41.6081,-88.0962,73.47449483610238
2017-07,MDW,41.786,-87.7524,75.92038600723764
2017-07,MGC,41.7033,-86.8212,70.69343664539653
2017-07,MKE,42.9472,-87.8967,72.1067216981132
2017-07,MWC,43.1104,-88.0344,68.025
2017-07,ORD,41.9875,-87.9319,74.62789651293588
2017-07,OXI,41.3302,-86.6648,70.6793893129771
2017-07,PPO,41.5725,-86.7345,71.38680430879712
2017-07,PWK,42.1208,-87.9047,72.76233905579399
2017-07,RAC,42.7611,-87.8136,70.80855332629356
2017-07,RZL,40.9479,-87.1826,72.90654462242563
2017-07,UES,43.041,-88.2371,66.30099009900991
2017-07,UGN,42.4222,-87.8679,69.79241877256318
2017-07,VPZ,41.454,-87.0071,73.6706783369803
2017-08,ARR,41.77,-88.48,67.37345132743363
2017-08,BUU,42.6907,-88.3046,65.19605026929982
2017-08,C09,41.4253,-88.4186,68.2455525606469
2017-08,DPA,41.9078,-88.2486,68.64082774049217
2017-08,ENW,42.595,-87.9381,67.55396648044693
2017-08,IGQ,41.5349,-87.5295,69.41686151079136
2017-08,IKK,41.0714,-87.8463,69.09123819517313
2017-08,JOT,41.5177,-88.1756,70.36316262353998
2017-08,LOT,41.6081,-88.0962,68.86826750448833
2017-08,MDW,41.786,-87.7524,72.54385964912281
2017-08,MGC,41.7033,-86.8212,67.27707581227436
2017-08,MKE,42.9472,-87.8967,69.9340579710145
2017-08,MWC,43.1104,-88.0344,64.5225851285615
2017-08,ORD,41.9875,-87.9319,71.53141486810551
2017-08,OXI,41.3302,-86.6648,66.10841963079694
2017-08,PPO,41.5725,-86.7345,67.16536388140162
2017-08,PWK,42.1208,-87.9047,70.13365269461077
2017-08,RAC,42.7611,-87.8136,68.5427752293578
2017-08,RZL,40.9479,-87.1826,67.87241534988713
2017-08,UES,43.041,-88.2371,62.62821782178218
2017-08,UGN,42.4222,-87.8679,68.08595696489242
2017-08,VPZ,41.454,-87.0071,69.29659224441833
2017-09,ARR,41.77,-88.48,64.89722921914358
2017-09,BUU,42.6907,-88.3046,62.64432081594808
2017-09,C09,41.4253,-88.4186,66.46162570888468
2017-09,DPA,41.9078,-88.2486,65.62052565707134
2017-09,ENW,42.595,-87.9381,63.67516930022573
2017-09,IGQ,41.5349,-87.5295,66.98922638822971
2017-09,IKK,41.0714,-87.8463,66.80188295165394
2017-09,JOT,41.5177,-88.1756,68.47998097955302
2017-09,LOT,41.6081,-88.0962,66.78347378277154
2017-09,MDW,41.786,-87.7524,70.34456233421751
2017-09,MGC,41.7033,-86.8212,64.27301430685742
2017-09,MKE,42.9472,-87.8967,67.14252873563218
2017-09,MWC,43.1104,-88.0344,61.46057479734709
2017-09,ORD,41.9875,-87.9319,69.35145888594164
2017-09,OXI,41.3302,-86.6648,63.59439962031324
2017-09,PPO,41.5725,-86.7345,64.40251542477456
2017-09,PWK,42.1208,-87.9047,68.55352112676056
2017-09,RAC,42.7611,-87.8136,65.68569696969696
2017-09,RZL,40.9479,-87.1826,65.44310344827586
2017-09,UES,43.041,-88.2371,60.30445969125214
2017-09,UGN,42.4222,-87.8679,64.95746180963572
2017-09,VPZ,41.454,-87.0071,66.57095631641086
2017-10,ARR,41.77,-88.48,56.37109768378651
2017-10,BUU,42.6907,-88.3046,53.583303249097476
2017-10,C09,41.4253,-88.4186,56.6653685674548
2017-10,DPA,41.9078,-88.2486,56.399719887955186
2017-10,ENW,42.595,-87.9381,55.779064824654625
2017-10,IGQ,41.5349,-87.5295,56.333006077606356
2017-10,IKK,41.0714,-87.8463,56.864552768575486
2017-10,JOT,41.5177,-88.1756,57.21065830721003
2017-10,LOT,41.6081,-88.0962,55.8151756440281
2017-10,MDW,41.786,-87.7524,58.6771855010661
2017-10,MGC,41.7033,-86.8212,55.254399243140966
2017-10,MKE,42.9472,-87.8967,56.88859357696567
2017-10,MWC,43.1104,-88.0344,52.88489620615605
2017-10,ORD,41.9875,-87.9319,57.926645768025075
2017-10,OXI,41.3302,-86.6648,55.82813512262841
2017-10,PPO,41.5725,-86.7345,55.21885902876002
2017-10,PWK,42.1208,-87.9047,57.59703264094956
2017-10,RAC,42.7611,-87.8136,55.773131313131316
2017-10,RZL,40.9479,-87.1826,56.82162921348315
2017-10,UES,43.041,-88.2371,51.1145
2017-10,UGN,42.4222,-87.8679,56.066837256908904
2017-10,VPZ,41.454,-87.0071,58.16975051975052
2017-11,ARR,41.77,-88.48,38.46990846681922
2017-11,BUU,42.6907,-88.3046,38.42497683039852
2017-11,C09,41.4253,-88.4186,39.15812619502868
2017-11,DPA,41.9078,-88.2486,39.10814432989691
2017-11,ENW,42.595,-87.9381,39.30426487093154
2017-11,IGQ,41.5349,-87.5295,39.96212624584717
2017-11,IKK,41.0714,-87.8463,40.25603242727706
2017-11,JOT,41.5177,-88.1756,40.672153110047844
2017-11,LOT,41.6081,-88.0962,38.94638439581351
2017-11,MDW,41.786,-87.7524,42.08237367802585
2017-11,MGC,41.7033,-86.8212,39.963528245787906
2017-11,MKE,42.9472,-87.8967,40.25258215962441
2017-11,MWC,43.1104,-88.0344,36.34506503442999
2017-11,ORD,41.9875,-87.9319,40.9158940397351
2017-11,OXI,41.3302,-86.6648,39.84189944134078
2017-11,PPO,41.5725,-86.7345,39.46042959427208
2017-11,PWK,42.1208,-87.9047,40.7445197740113
2017-11,RAC,42.7611,-87.8136,39.268599562363235
2017-11,RZL,40.9479,-87.1826,40.823733719247464
2017-11,UES,43.041,-88.2371,34.6726825266612
2017-11,UGN,42.4222,-87.8679,39.031947483588624
2017-11,VPZ,41.454,-87.0071,42.795090715048026
2017-12,ARR,41.77,-88.48,26.000837320574163
2017-12,BUU,42.6907,-88.3046,26.79374130737135
2017-12,C09,41.4253,-88.4186,26.570985155195682
2017-12,DPA,41.9078,-88.2486,25.837459978655282
2017-12,ENW,42.595,-87.9381,26.060913140311804
2017-12,IGQ,41.5349,-87.5295,27.021619176843057
2017-12,IKK,41.0714,-87.8463,27.122858431018937
2017-12,JOT,41.5177,-88.1756,28.005882352941178
2017-12,LOT,41.6081,-88.0962,26.246472462448793
2017-12,MDW,41.786,-87.7524,28.723401688781664
2017-12,MGC,41.7033,-86.8212,28.44440383736866
2017-12,MKE,42.9472,-87.8967,26.79165763813651
2017-12,MWC,43.1104,-88.0344,24.51969465648855
2017-12,ORD,41.9875,-87.9319,27.620958751393534
2017-12,OXI,41.3302,-86.6648,26.784072398190045
2017-12,PPO,41.5725,-86.7345,26.080608537693006
2017-12,PWK,42.1208,-87.9047,27.913729977116706
2017-12,RAC,42.7611,-87.8136,25.886833855799374
2017-12,RZL,40.9479,-87.1826,27.810118505013673
2017-12,UES,43.041,-88.2371,21.3265306122449
2017-12,UGN,42.4222,-87.8679,26.421662468513855
2017-12,VPZ,41.454,-87.0071,27.747964250248263
2018-01,ARR,41.77,-88.48,22.873370786516855
2018-01,BUU,42.6907,-88.3046,21.388808988764044
2018-01,C09,41.4253,-88.4186,23.57648738695859
2018-01,DPA,41.9078,-88.2486,24.548292682926828
2018-01,ENW,42.595,-87.9381,24.669179600886917
2018-01,IGQ,41.5349,-87.5295,24.182778776978417
2018-01,IKK,41.0714,-87.8463,19.809752066115703
2018-01,JOT,41.5177,-88.1756,24.571717625899282
2018-01,LOT,41.6081,-88.0962,22.95172735760971
2018-01,MDW,41.786,-87.7524,27.007762557077626
2018-01,MGC,41.7033,-86.8212,26.523577235772358
2018-01,MKE,42.9472,-87.8967,25.84431818181818
2018-01,MWC,43.1104,-88.0344,21.696145454545455
2018-01,ORD,41.9875,-87.9319,26.706715634837355
2018-01,OXI,41.3302,-86.6648,24.50296762589928
2018-01,PPO,41.5725,-86.7345,23.951258992805755
2018-01,PWK,42.1208,-87.9047,26.415088449531737
2018-01,RAC,42.7611,-87.8136,25.064432989690722
2018-01,RZL,40.9479,-87.1826,24.16275303643725
2018-01,UES,43.041,-88.2371,19.773455377574372
2018-01,UGN,42.4222,-87.8679,26.69290322580645
2018-01,VPZ,41.454,-87.0071,24.750944946589975
2018-02,ARR,41.77,-88.48,26.119796954314722
2018-02,BUU,42.6907,-88.3046,24.203227408143
2018-02,C09,41.4253,-88.4186,27.514299900695136
2018-02,DPA,41.9078,-88.2486,27.579839518555666
2018-02,ENW,42.595,-87.9381,27.398473282442747
2018-02,IGQ,41.5349,-87.5295,29.14629168740667
2018-02,IKK,41.0714,-87.8463,29.59945382323734
2018-02,JOT,41.5177,-88.1756,29.687586891757697
2018-02,LOT,41.6081,-88.0962,27.7088
2018-02,MDW,41.786,-87.7524,31.110983981693362
2018-02,MGC,41.7033,-86.8212,30.45325264750378
2018-02,MKE,42.9472,-87.8967,27.46422857142857
2018-02,MWC,43.1104,-88.0344,23.76104513064133
2018-02,ORD,41.9875,-87.9319,30.03195020746888
2018-02,OXI,41.3302,-86.6648,22.786180124223602
2018-02,PPO,41.5725,-86.7345,29.058074222668004
2018-02,PWK,42.1208,-87.9047,29.70711382113821
2018-02,RAC,42.7611,-87.8136,27.2259526261586
2018-02,RZL,40.9479,-87.1826,31.39509703779367
2018-02,UES,43.041,-88.2371,21.81057934508816
2018-02,UGN,42.4222,-87.8679,27.97909090909091
2018-02,VPZ,41.454,-87.0071,29.921924603174602
2018-03,ARR,41.77,-88.48,35.97299880525687
2018-03,BUU,42.6907,-88.3046,32.89528089887641
2018-03,C09,41.4253,-88.4186,36.40516621743037
2018-03,DPA,41.9078,-88.2486,35.43816091954023
2018-03,ENW,42.595,-87.9381,34.23384798099762
2018-03,IGQ,41.5349,-87.5295,35.444092349479405
2018-03,IKK,41.0714,-87.8463,36.11122586439156
2018-03,JOT,41.5177,-88.1756,37.55170556552962
2018-03,LOT,41.6081,-88.0962,35.814818140996856
2018-03,MDW,41.786,-87.7524,37.42415458937198
2018-03,MGC,41.7033,-86.8212,34.44506787330317
2018-03,MKE,42.9472,-87.8967,34.933292682926826
2018-03,MWC,43.1104,-88.0344,31.372647058823528
2018-03,ORD,41.9875,-87.9319,36.51884393063584
2018-03,OXI,41.3302,-86.6648,39.25575221238938
2018-03,PPO,41.5725,-86.7345,34.55773381294964
2018-03,PWK,42.1208,-87.9047,36.04817432273263
2018-03,RAC,42.7611,-87.8136,33.90234375
2018-03,RZL,40.9479,-87.1826,36.28281461434371
2018-03,UES,43.041,-88.2371,29.63409594095941
2018-03,UGN,42.4222,-87.8679,33.083639143730885
2018-03,VPZ,41.454,-87.0071,36.67550585729499
2018-04,ARR,41.77,-88.48,39.818552036199094
2018-04,BUU,42.6907,-88.3046,37.62603248259861
2018-04,C09,41.4253,-88.4186,42.047935034802784
2018-04,DPA,41.9078,-88.2486,38.7
2018-04,ENW,42.595,-87.9381,37.98096357226792
2018-04,IGQ,41.5349,-87.5295,40.17670533642691
2018-04,IKK,41.0714,-87.8463,42.532001857872736
2018-04,JOT,41.5177,-88.1756,43.0884489986027
2018-04,LOT,41.6081,-88.0962,41.178597957288765
2018-04,MDW,41.786,-87.7524,41.59089790897909
2018-04,MGC,41.7033,-86.8212,39.59849269901083
2018-04,MKE,42.9472,-87.8967,37.61772972972973
2018-04,MWC,43.1104,-88.0344,35.059046177138534
2018-04,ORD,41.9875,-87.9319,40.14147196261682
2018-04,OXI,41.3302,-86.6648,41.42175732217573
2018-04,PPO,41.5725,-86.7345,40.5219591457753
2018-04,PWK,42.1208,-87.9047,39.55765765765766
2018-04,RAC,42.7611,-87.8136,36.4703888334995
2018-04,RZL,40.9479,-87.1826,42.98827392120075
2018-04,UES,43.041,-88.2371,33.898259493670885
2018-04,UGN,42.4222,-87.8679,36.079226361031516
2018-04,VPZ,41.454,-87.0071,41.8899481865285
2018-05,ARR,41.77,-88.48,65.22877997914495
2018-05,BUU,42.6907,-88.3046,62.67349887133183
2018-05,C09,41.4253,-88.4186,68.34145241317096
2018-05,DPA,41.9078,-88.2486,64.17272727272727
2018-05,ENW,42.595,-87.9381,60.860772357723576
2018-05,IGQ,41.5349,-87.5295,64.48878842676311
2018-05,IKK,41.0714,-87.8463,67.91251129177958
2018-05,JOT,41.5177,-88.1756,68.40827679782903
2018-05,LOT,41.6081,-88.0962,66.19671977507029
2018-05,MDW,41.786,-87.7524,65.80611790878754
2018-05,MGC,41.7033,-86.8212,63.48421052631579
2018-05,MKE,42.9472,-87.8967,60.00446623093682
2018-05,MWC,43.1104,-88.0344,58.801170446232625
2018-05,ORD,41.9875,-87.9319,64.12266666666666
2018-05,OXI,41.3302,-86.6648,66.43220568335589
2018-05,PPO,41.5725,-86.7345,65.66979591836734
2018-05,PWK,42.1208,-87.9047,63.173961499493416
2018-05,RAC,42.7611,-87.8136,58.09766081871345
2018-05,RZL,40.9479,-87.1826,67.97369702873843
2018-05,UES,43.041,-88.2371,58.24784254352763
2018-05,UGN,42.4222,-87.8679,57.819054242002785
2018-05,VPZ,41.454,-87.0071,66.52745098039216
2018-06,ARR,41.77,-88.48,70.65125786163522
2018-06,BUU,42.6907,-88.3046,65.67602040816327
2018-06,C09,41.4253,-88.4186,72.22837900603808
2018-06,DPA,41.9078,-88.2486,69.66136136136136
2018-06,ENW,42.595,-87.9381,66.43090128755365
2018-06,IGQ,41.5349,-87.5295,70.17227630968938
2018-06,IKK,41.0714,-87.8463,72.6098702502317
2018-06,JOT,41.5177,-88.1756,73.3133920296571
2018-06,LOT,41.6081,-88.0962,71.132437442076
2018-06,MDW,41.786,-87.7524,71.33306544202067
2018-06,MGC,41.7033,-86.8212,66.81808088818399
2018-06,MKE,42.9472,-87.8967,65.40617283950617
2018-06,MWC,43.1104,-88.0344,63.93953488372093
2018-06,ORD,41.9875,-87.9319,70.15027502750274
2018-06,OXI,41.3302,-86.6648,70.68330241187384
2018-06,PPO,41.5725,-86.7345,70.10227272727273
2018-06,PWK,42.1208,-87.9047,69.19058577405858
2018-06,RAC,42.7611,-87.8136,64.47364102564103
2018-06,RZL,40.9479,-87.1826,70.76286379511059
2018-06,UES,43.041,-88.2371,63.16864274570983
2018-06,UGN,42.4222,-87.8679,64.3416
2018-06,VPZ,41.454,-87.0071,71.92869822485207
2018-07,ARR,41.77,-88.48,73.17887981330222
2018-07,BUU,42.6907,-88.3046,68.68291366906475
2018-07,C09,41.4253,-88.4186,72.78034993270525
2018-07,DPA,41.9078,-88.2486,73.42497136311569
2018-07,ENW,42.595,-87.9381,72.70703883495146
2018-07,IGQ,41.5349,-87.5295,73.3132854578097
2018-07,IKK,41.0714,-87.8463,73.48511210762332
2018-07,JOT,41.5177,-88.1756,75.34837251356238
2018-07,LOT,41.6081,-88.0962,73.51771582733814
2018-07,MDW,41.786,-87.7524,76.82284263959392
2018-07,MGC,41.7033,-86.8212,71.17749196141479
2018-07,MKE,42.9472,-87.8967,74.11187648456057
2018-07,MWC,43.1104,-88.0344,69.47653276955603
2018-07,ORD,41.9875,-87.9319,76.12158808933002
2018-07,OXI,41.3302,-86.6648,71.10975280898876
2018-07,PPO,41.5725,-86.7345,71.91256732495512
2018-07,PWK,42.1208,-87.9047,75.91887941534713
2018-07,RAC,42.7611,-87.8136,72.91394799054373
2018-07,RZL,40.9479,-87.1826,71.905797752809
2018-07,UES,43.041,-88.2371,67.5931506849315
2018-07,UGN,42.4222,-87.8679,71.25696202531645
2018-07,VPZ,41.454,-87.0071,74.21707841031149
2018-08,06C,41.9893,-88.1012,71.9775816993464
2018-08,57C,42.7972,-88.3726,71.1503663003663
2018-08,ARR,41.77,-88.48,72.41324786324786
2018-08,BUU,42.6907,-88.3046,70.11074829931972
2018-08,C09,41.4253,-88.4186,73.07008086253369
2018-08,DPA,41.9078,-88.2486,72.75079522862823
2018-08,ENW,42.595,-87.9381,70.90724070450098
2018-08,IGQ,41.5349,-87.5295,73.47004939380332
2018-08,IKK,41.0714,-87.8463,74.10170633138752
2018-08,JOT,41.5177,-88.1756,75.43863432165318
2018-08,LOT,41.6081,-88.0962,73.62206741573034
2018-08,MDW,41.786,-87.7524,76.42547393364929
2018-08,MGC,41.7033,-86.8212,71.53152173913044
2018-08,MKE,42.9472,-87.8967,73.5023945267959
2018-08,MWC,43.1104,-88.0344,68.903180212014135
2018-08,ORD,41.9875,-87.9319,75.24497816593886
2018-08,OXI,41.3302,-86.6648,71.38500224517288
2018-08,PPO,41.5725,-86.7345,71.43857207004939
2018-08,PWK,42.1208,-87.9047,75.08890086206897
2018-08,RAC,42.7611,-87.8136,72.55127681307457
2018-08,RZL,40.9479,-87.1826,72.81406896551724
2018-08,UES,43.041,-88.2371,67.11094224924013
2018-08,UGN,42.4222,-87.8679,70.77308917197452
2018-08,VPZ,41.454,-87.0071,74.08606870229008
2018-09,06C,41.9893,-88.1012,66.0962962962963
2018-09,57C,42.7972,-88.3726,60.656029411764706
2018-09,ARR,41.77,-88.48,66.9820697954272
2018-09,BUU,42.6907,-88.3046,63.244176136363635
2018-09,C09,41.4253,-88.4186,67.96828703703704
2018-09,DPA,41.9078,-88.2486,67.04271523178808
2018-09,ENW,42.595,-87.9381,64.83353535353535
2018-09,IGQ,41.5349,-87.5295,67.65794349235757
2018-09,IKK,41.0714,-87.8463,68.68138888888889
2018-09,JOT,41.5177,-88.1756,69.4412962962963
2018-09,LOT,41.6081,-88.0962,67.72
2018-09,MDW,41.786,-87.7524,69.90768277571252
2018-09,MGC,41.7033,-86.8212,65.97382645803698
2018-09,MKE,42.9472,-87.8967,66.58548199767712
2018-09,MWC,43.1104,-88.0344,61.38967838444278
2018-09,ORD,41.9875,-87.9319,69.2465034965035
2018-09,OXI,41.3302,-86.6648,66.52916666666667
2018-09,PPO,41.5725,-86.7345,66.4616952292728
2018-09,PWK,42.1208,-87.9047,69.05027262813522
2018-09,RAC,42.7611,-87.8136,66.47790948275862
2018-09,RZL,40.9479,-87.1826,69.33625615763546
2018-09,UES,43.041,-88.2371,60.042178988326846
2018-09,UGN,42.4222,-87.8679,65.55240464344942
2018-09,VPZ,41.454,-87.0071,69.38400435255713
2018-10,06C,41.9893,-88.1012,49.971614349775784
2018-10,57C,42.7972,-88.3726,46.65570204350692
2018-10,ARR,41.77,-88.48,51.506979280261724
2018-10,BUU,42.6907,-88.3046,48.03933787731256
2018-10,C09,41.4253,-88.4186,51.67666068222621
2018-10,DPA,41.9078,-88.2486,52.157688338493294
2018-10,ENW,42.595,-87.9381,51.428364389233955
2018-10,IGQ,41.5349,-87.5295,51.72995515695067
2018-10,IKK,41.0714,-87.8463,52.4117937219731
2018-10,JOT,41.5177,-88.1756,53.018923766816144
2018-10,LOT,41.6081,-88.0962,51.59622898682417
2018-10,MDW,41.786,-87.7524,53.981077981651374
2018-10,MGC,41.7033,-86.8212,51.28243626062323
2018-10,MKE,42.9472,-87.8967,52.26767337807606
2018-10,MWC,43.1104,-88.0344,47.363879128601546
2018-10,ORD,41.9875,-87.9319,53.33318534961154
2018-10,OXI,41.3302,-86.6648,51.376850605652756
2018-10,PPO,41.5725,-86.7345,51.22201793721973
2018-10,PWK,42.1208,-87.9047,53.79368070953437
2018-10,RAC,42.7611,-87.8136,52.207113821138215
2018-10,RZL,40.9479,-87.1826,52.868032786885244
2018-10,UES,43.041,-88.2371,45.74032134659526
2018-10,UGN,42.4222,-87.8679,52.295623987034034
2018-10,VPZ,41.454,-87.0071,55.06708463949843
2018-11,06C,41.9893,-88.1012,32.70708294501398
2018-11,57C,42.7972,-88.3726,29.623380281690142
2018-11,ARR,41.77,-88.48,33.38713080168776
2018-11,BUU,42.6907,-88.3046,27.412578616352203
2018-11,C09,41.4253,-88.4186,33.91257568700512
2018-11,DPA,41.9078,-88.2486,33.72897384305835
2018-11,ENW,42.595,-87.9381,33.83457738748628
2018-11,IGQ,41.5349,-87.5295,34.659226467847155
2018-11,IKK,41.0714,-87.8463,34.856996268656715
2018-11,JOT,41.5177,-88.1756,35.88069573738363
2018-11,LOT,41.6081,-88.0962,33.84453860640301
2018-11,MDW,41.786,-87.7524,35.87302857142857
2018-11,MGC,41.7033,-86.8212,35.07447864945382
2018-11,MKE,42.9472,-87.8967,35.00789177001128
2018-11,MWC,43.1104,-88.0344,31.486088856518574
2018-11,ORD,41.9875,-87.9319,34.8667735042735
2018-11,OXI,41.3302,-86.6648,34.807362534948744
2018-11,PPO,41.5725,-86.7345,34.19127798507463
2018-11,PWK,42.1208,-87.9047,35.44950819672131
2018-11,RAC,42.7611,-87.8136,34.66885743174924
2018-11,RZL,40.9479,-87.1826,35.27533849129594
2018-11,UES,43.041,-88.2371,30.56441717791411
2018-11,UGN,42.4222,-87.8679,34.56957746478873
2018-11,VPZ,41.454,-87.0071,36.999622285174695
2018-12,06C,41.9893,-88.1012,31.319129226493747
2018-12,57C,42.7972,-88.3726,28.87783564814815
2018-12,ARR,41.77,-88.48,31.99357142857143
2018-12,BUU,42.6907,-88.3046,27.673984891406988
2018-12,C09,41.4253,-88.4186,32.34939814814815
2018-12,DPA,41.9078,-88.2486,31.629253731343283
2018-12,ENW,42.595,-87.9381,32.54240506329114
2018-12,IGQ,41.5349,-87.5295,32.67087962962963
2018-12,IKK,41.0714,-87.8463,32.97358665430954
2018-12,JOT,41.5177,-88.1756,33.738055555555555
2018-12,LOT,41.6081,-88.0962,32.30509495136637
2018-12,MDW,41.786,-87.7524,34.291395348837206
2018-12,MGC,41.7033,-86.8212,33.23148688046647
2018-12,MKE,42.9472,-87.8967,32.882229965156796
2018-12,MWC,43.1104,-88.0344,29.41315028901734
2018-12,ORD,41.9875,-87.9319,33.35909090909091
2018-12,OXI,41.3302,-86.6648,32.91375636868921
2018-12,PPO,41.5725,-86.7345,32.31020979020979
2018-12,PWK,42.1208,-87.9047,34.119565217391305
2018-12,RAC,42.7611,-87.8136,32.60096463022508
2018-12,RZL,40.9479,-87.1826,33.60614076523382
2018-12,UES,43.041,-88.2371,27.51496437054632
2018-12,UGN,42.4222,-87.8679,32.05309491059147
2018-12,VPZ,41.454,-87.0071,35.21503267973856
